,0,1,y
0,-5.198112818628083,0.6418693163940358,2
1,-5.752295378391194,0.4186271113893151,2
2,-10.844898372319836,-7.553522726562745,1
3,-4.570984834276422,-0.8010174062556414,2
4,-3.519162152942358,0.039344896046664316,2
5,1.6039161102434356,0.7638804060602313,0
6,-9.751573566587453,-5.203026198176283,1
7,-11.510236350280888,-4.162843213812081,1
8,-7.726757948652349,-5.866565633916548,1
9,2.6765673892857738,3.2987275621576058,0
10,4.779996449540134,-0.32443193139318016,0
11,1.0777920747713634,-0.24999667608192788,0
12,-8.55545130096433,-5.035368003422989,1
13,2.1598639164807927,1.1201529987795342,0
14,-8.81718974886526,-4.579256336672506,1
15,-2.5381616962605764,-1.4182733283041056,2
16,2.8353662005252427,1.7732280494697048,0
17,1.1291553255034752,-0.837076678496977,0
18,-8.89314980317568,-5.32749594217125,1
19,-7.035285456338817,-4.634899727873358,1
20,-9.2909954481144,-6.110015326196258,1
21,2.2195308797816233,-0.14202964183788658,0
22,-8.992939211551535,-4.799269444060296,1
23,-3.7733390479978945,-0.051011394532166576,2
24,-8.14569116664311,-7.001194954819966,1
25,-5.000118356910459,0.23328229837492112,2
26,3.145997647610386,-0.9327584633808372,0
27,-4.047288540471058,-0.28806791126430403,2
28,1.7017610229278546,-0.7015952319679966,0
29,-8.82010859251805,-6.8453897716146255,1
30,-5.305073728915331,-0.9441718541643611,2
31,-9.464436766348976,-6.540657248342111,1
32,-5.3558787393335265,-0.5868578940940704,2
33,3.5761085352025774,1.1694369165766383,0
34,2.1344941218681637,0.12113278046118936,0
35,2.586182400977828,0.9569805269095712,0
36,1.5729639820201262,-1.0702799116772121,0
37,-4.713259381381282,0.18689188565681786,2
38,1.4647717886321905,0.40401695154220346,0
39,-9.022694729242932,-4.365698259762823,1
40,-10.813602278826897,-5.049525330241017,1
41,-8.147798210219307,-4.878821277170505,1
42,-5.38756058032074,-1.1581643478122075,2
43,-5.637424158568727,-0.3532777945242624,2
44,2.360947568112688,1.856906330648523,0
45,-8.094215850782051,-5.7749273933890635,1
46,0.8697309771259947,0.894993015839867,0
47,-10.430850668212116,-6.234084368027341,1
48,-5.236918503133578,-1.0430362562771252,2
49,-4.375312679469331,-2.1008262265869018,2
50,-3.342843321636564,-0.7225746905278861,2
51,-4.4021522495880046,0.6165079719624909,2
52,-8.405901057585934,-4.79557027150421,1
53,-9.956645364230686,-6.0521238864059725,1
54,-4.790766477182417,1.8141548842500252,2
55,1.5114886533311678,0.08990435656327739,0
56,-8.53616394179077,-5.625843913418277,1
57,-5.123436038011,1.325380067343854,2
58,-4.137439850960205,-0.9634777449914915,2
59,-6.1092242996779405,-0.7656151302004778,2
60,-3.9552829838949766,-0.48834169321107856,2
61,-10.076450036378095,-5.399924249770204,1
62,-2.5618627030201258,1.8427446529862106,2
63,3.3652968310380933,0.47109227839517376,0
64,-3.4138602280010337,0.3680288007294278,2
65,-4.472975483380635,0.14548592188595302,2
66,-8.981104302160377,-5.746658988105251,1
67,2.6104999861368405,1.3200199161005561,0
68,-5.498352996371847,-0.5449281261551849,2
69,-3.221981637325033,0.951099007048757,2
70,-4.620461290339238,-0.45834124212134375,2
71,-5.641214390659658,-0.322649501756115,2
72,-4.748618634041317,0.3237903601503631,2
73,2.2562098294791566,-0.5784480699664158,0
74,-8.424578320056511,-5.322646635548799,1
75,-3.160817395594016,0.6798342713370448,2
76,-3.581401899460108,0.8075674530163314,2
77,0.6586552899306402,2.116186738078464,0
78,2.6911889947272596,1.1585753511303727,0
79,-4.468401166048184,0.15247998386127962,2
80,-8.803196779175222,-5.5862495687281415,1
81,-9.378284814261244,-3.665080577500815,1
82,-4.667589964855986,-1.3838418055268316,2
83,1.210759617448313,1.0909513772726918,0
84,-8.731371979285626,-4.586968683907697,1
85,1.6650454195967639,0.09305974742522116,0
86,3.0352334260621,0.7459031455829788,0
87,-9.450179105860807,-5.925277488227979,1
88,-9.345123810940425,-3.5189244045479344,1
89,-9.45849879382565,-4.522199595775289,1
90,2.9333412400674996,-1.960213709654612,0
91,-6.469411785043539,1.1663432860557899,2
92,2.043440803814712,0.37729965093620965,0
93,2.26412271190562,2.0092106028461765,0
94,-5.747385582273123,0.13035553549100942,2
95,-6.298073011146861,0.5095756943754766,2
96,2.7878751710007834,0.3881640428140881,0
97,-3.4120339279113088,0.626257207504018,2
98,-4.039815639561795,-0.351531172900092,2
99,-9.93761365122951,-3.868097995638365,1
100,1.9466094390107442,0.7634326060611769,0
101,-6.867092087363954,-5.766832601085387,1
102,-10.090810773757482,-5.469534833878375,1
103,-4.140729931102338,0.5703544814800133,2
104,-9.808596178487953,-6.943026214643361,1
105,0.7176813839485372,-0.05193383493157189,0
106,-3.4120661432410335,2.418039695764626,2
107,1.709242129617042,-0.08847400959104856,0
108,-8.90198359102881,-6.451543989959995,1
109,-4.803163207037036,-0.8759299804467624,2
110,0.818431797044419,0.6414276366267269,0
111,-10.556140857034778,-5.978412343997302,1
112,-8.971840276974303,-6.042117234130715,1
113,-9.255680682222607,-6.744031624077561,1
114,1.6602333480497162,2.35055645028717,0
115,-2.8209887238995313,-1.0038233141334947,2
116,1.6085771358786043,0.3772702292045152,0
117,-4.499800540137854,1.9698352237227146,2
118,-4.1083825919974934,0.19628719290619107,2
119,-9.985752104328673,-3.9811037463443704,1
120,1.7521163966256204,0.4864825924697388,0
121,-5.166738056630054,1.9097865603658657,2
122,2.221933462758613,1.6935049012004122,0
123,-7.613221858608172,-5.590643549105038,1
124,-4.075798787917531,-1.1570908796925832,2
125,2.688547137660599,0.795319801038014,0
126,-4.791799537028531,2.065755253628703,2
127,-4.237855836438725,-1.0831475318506296,2
128,3.1957671437363935,-0.04192072572092409,0
129,-10.487752605055928,-4.923099426617135,1
130,-9.625016349341692,-6.742680554790467,1
131,2.1451693478191247,-1.5124884111929395,0
132,-8.54606245765481,-8.34464530814272,1
133,1.4230868222396205,1.3334399451582826,0
134,-3.166707262647465,0.3109525710058999,2
135,-4.644567445417105,0.8199679096361179,2
136,-8.403877187562147,-4.554457631282436,1
137,2.4031815954552194,0.19466059030388005,0
138,1.1150935929504637,1.080312413660931,0
139,-5.496677934291577,-0.06584594374161676,2
140,-4.85105017343581,1.2133712848193168,2
141,-4.278695135743076,1.2943525129116036,2
142,-5.368326424147224,-0.6290239757536532,2
143,1.8926588339207782,2.2385454011396435,0
144,-3.847703944012144,-0.9752010671261226,2
145,-8.571757617701858,-4.103543944414995,1
146,2.3631946991189805,-1.0703149001693417,0
147,-4.139994932182794,0.3806236585284559,2
148,-9.473395756144962,-6.612091416470406,1
149,1.218921533837006,-0.013868471451145448,0
150,-4.17847207510161,-1.7680630585582418,2
151,-3.6226923688535737,-0.9691939793406308,2
152,2.470770154240461,-0.3716263532022087,0
153,-9.133838672648842,-5.149702781458045,1
154,3.4732377850411282,-0.0058630093660961835,0
155,2.649744326212186,-0.06061198493262321,0
156,-8.71693851742024,-5.101671999912375,1
157,2.6700061298295448,-0.35492180177435306,0
158,-8.384762171606821,-5.7002863816486835,1
159,3.3290745714203247,-0.20917859627683844,0
160,2.5775726198497666,0.18252613092531178,0
161,1.5246610219529213,-0.9661723930118578,0
162,1.302772522317198,-0.7769048437484909,0
163,1.6010137764770869,0.6566322743995756,0
164,-10.766958688823408,-4.060868426839297,1
165,-8.50973656307954,-5.548222006105012,1
166,-3.072872452168571,0.9521616458958965,2
167,-9.27536209351574,-7.8316765321512065,1
168,-8.54813623121769,-4.800537216263536,1
169,-5.309969519309754,0.5541590143252519,2
170,-9.887227995840515,-3.703889852355595,1
171,-7.312582935662958,-3.9865599566096313,1
172,-3.8371851485440636,-0.9236934085901283,2
173,2.3066894052429316,1.2291089245867293,0
174,-3.667147023988734,-0.08208254835246862,2
175,1.8067132539988304,0.2173720670912841,0
176,-8.45610839900977,-5.294892914233639,1
177,-4.071286316766577,0.5147124902858486,2
178,-5.028657814626794,-0.47654788591796515,2
179,-4.982206051509755,0.16499566138997274,2
180,-7.803366720218786,-0.6361607947227746,2
181,-9.350320280908551,-6.140991453546972,1
182,1.3940158828599511,0.7972142598431253,0
183,-3.757018022482695,-0.6644814136409277,2
184,-5.986045090077886,0.40538084392591656,2
185,-5.873614991671006,0.14374006128925965,2
186,-7.848106211740861,-6.092517905858191,1
187,-6.177164547509616,0.9879259268117363,2
188,-2.877360000433078,0.6766055843850878,2
189,-3.0864118467786352,-0.772943836859311,2
190,2.4996363750181336,-0.1140374413356876,0
191,-4.119762760308027,0.2782811595014056,2
192,-8.174171264494687,-5.086174567239867,1
193,-3.3052459367868012,1.4293315430655489,2
194,2.0331439702646326,-0.21688853950107712,0
195,-8.33696091798213,-5.960435661368358,1
196,1.4410483377464307,-0.9557307046382773,0
197,-4.728116669922117,0.5229794512975838,2
198,-10.411636802323883,-6.0523663812638535,1
199,1.413640626163097,0.25729332796578597,0
200,-8.025949594181359,-4.108448035658976,1
201,1.7956611467248071,-0.5163368912832587,0
202,-7.096998301535029,0.20505170569485517,2
203,-8.393513147133813,-6.099627276197775,1
204,-7.934291205622124,-5.192398923088441,1
205,1.1681692513574755,1.9330322725490883,0
206,-5.418532169246935,0.5563357969289255,2
207,-8.593432405110972,-5.48060950200365,1
208,-10.857146706956284,-5.995256860547631,1
209,-3.7953350245264965,0.766218165982104,2
210,3.103629848376282,0.5291981704253648,0
211,1.284766768957481,1.0720116152383823,0
212,-5.652866684323114,-0.6420448778391642,2
213,-9.34305076183287,-5.253490231013391,1
214,2.1811635777040377,1.6742468740092618,0
215,-5.113812830055961,0.7262969952568338,2
216,-4.9419209601214575,1.5785767137234816,2
217,-5.65215118818234,0.23210176417632297,2
218,-7.7419331359993375,-4.784260933402039,1
219,-5.349689463343285,-1.772583156168512,2
220,1.674276575617627,0.921082271267204,0
221,1.8265804461555741,-0.2246100681684472,0
222,-8.920839468293453,-6.96628503316195,1
223,2.1148434690895828,0.39943647923639775,0
224,1.215330106983695,1.0418447023276978,0
225,-2.963979739894053,-0.06309837618978181,2
226,1.7762856581882254,0.35057378495233665,0
227,-8.771117287117898,-4.838488693037811,1
228,1.686687016742661,0.9186372912707644,0
229,1.733257355052765,-2.347007553702495,0
230,-5.450019894360441,-1.101459245518908,2
231,-4.079768758133463,1.5110563477263121,2
232,0.004941790236360655,-0.3258286735795374,0
233,-4.655564838458253,-0.6870674533435291,2
234,-3.2252347569705337,0.05351643711614488,2
235,-4.145948331176851,-1.268960165627408,2
236,-9.193999478625528,-6.621157643158247,1
237,-8.191100768858927,-5.859890147275826,1
238,2.102859022391818,0.516259388507446,0
239,-4.968102190796976,1.0961152387862203,2
240,2.193747896464574,1.1729367933137986,0
241,-3.6055366870848937,0.4564297439778086,2
242,-3.9755727228354596,-0.889075199688459,2
243,-9.653622252550889,-6.12507245933224,1
244,-9.194194368955792,-5.892271967158594,1
245,3.429137205902561,1.9067045803866385,0
246,1.7226566258343776,0.3613329372729138,0
247,-9.995683685925169,-5.955733233909549,1
248,-4.3046557104359495,1.515140748325064,2
249,1.6449488022360461,0.5115281486792632,0
250,-9.797554558835348,-6.607845086101971,1
251,-10.262683900950098,-7.199285459698817,1
252,-8.53447433861933,-4.7674142763197205,1
253,-9.199884809597831,-6.288214107139804,1
254,-8.749329496606185,-6.663393459988496,1
255,-9.65768679736458,-7.543348337965549,1
256,-7.939069917346723,-6.266649488049494,1
257,-4.337666595873195,-0.11050387701602557,2
258,0.8867234532352997,-0.9382708805768958,0
259,-5.305855409437733,-0.40457375698260994,2
260,-8.030265072125125,-5.4939597434032805,1
261,-3.9734427598562925,-0.2134631341265229,2
262,-8.058082057572692,-6.965879993849869,1
263,2.3191298707820422,1.698168088746972,0
264,-7.8159565082742315,-5.802258321966313,1
265,1.3176802830038379,0.06788604810724641,0
266,-8.99925240369297,-7.200670249907681,1
267,-6.8859469864293334,-5.724297730206517,1
268,-3.3879453783694915,0.5531733805384006,2
269,-3.9885614482077907,-1.157937874742448,2
270,-9.39436219382244,-5.774365183185528,1
271,1.3096058153485846,1.1946434947698847,0
272,-9.87697819948031,-6.82851017232148,1
273,2.2963636473292537,0.25318072316536216,0
274,3.2031675695369213,1.1427620481331089,0
275,-5.381223134810785,-0.634188520644294,2
276,-4.286857802964399,-0.13036246011081404,2
277,-10.211712537312033,-5.195108098951394,1
278,-7.382089652134171,-5.6341066459526505,1
279,-6.020758154585361,-0.5860775768397242,2
280,-10.496280625556157,-6.49184706916961,1
281,-9.05804783969191,-5.9063340068389465,1
282,-7.585679662869475,-5.341311626305162,1
283,-4.052797687263147,1.963716050192312,2
284,-4.573834610885635,0.3245029947117919,2
285,0.29720242726497714,0.15585663708173075,0
286,-5.15671142035683,-0.7206646409771658,2
287,-3.7963816846059437,0.19764601185065495,2
288,-8.026884351057705,-6.423856676604752,1
289,-7.693198774684038,-5.162044072814131,1
290,-4.503324582108978,-2.5815213552457585,2
291,-8.132388849295547,-5.593188626083723,1
292,3.547388024310223,1.4390955228323459,0
293,-4.671551058069551,1.2096007943979261,2
294,-4.361949710790791,-0.3189021365703187,2
295,-9.739415720160318,-5.2881401123853085,1
296,-7.850598014653881,-4.760164223966643,1
297,-5.468432119226479,0.08966164087475421,2
298,1.9595690876677936,1.0393641515595884,0
299,-7.98777609736733,-3.869927365165002,1
300,0.6620631292262587,1.5930969421541123,0
301,-4.474580166527995,0.31102648878183325,2
302,1.3979097829303473,0.5326173990195496,0
303,-5.696614501301114,0.9863116740958022,2
304,-5.068963152684529,0.2436521652174705,2
305,-8.77706655678413,-4.573753794156704,1
306,-7.521521223373708,-6.0459404674693245,1
307,3.0208590386635565,1.463388959327069,0
308,-10.30126088987147,-6.061182213680846,1
309,1.9133824606451428,-0.8211693434146226,0
310,-3.096776560803028,-1.3102034175384762,2
311,4.10966645658916,-1.882265582179766,0
312,-7.933560639749527,-6.362795997228529,1
313,-4.742552009531411,1.2488288611957077,2
314,1.582009129057297,-0.032294872524463614,0
315,1.6277437632329717,0.07359028565309322,0
316,-8.963914682963047,-4.51461285662368,1
317,2.0110360774475047,-0.45256556023987426,0
318,2.002842773098132,-0.3300726540611745,0
319,1.8338658462559567,-0.22452399728645633,0
320,-9.341532359082345,-5.499568305036008,1
321,-3.760377330493236,1.1023295578886794,2
322,2.8928156557401223,-0.6064719714607247,0
323,-8.07730993972626,-7.065925200396149,1
324,0.5684894932010827,-0.05036910612237255,0
325,1.1180818662695955,2.015594209534628,0
326,-7.740962558240732,-6.564113889229792,1
327,1.2006688985990044,-1.5314225976763232,0
328,-9.705823161071548,-4.815518558747405,1
329,-8.246724503364511,-5.4804025683811615,1
330,0.5764354975784023,1.2730927032275,0
331,-3.354687155530563,0.15927694016459637,2
332,-9.48565386974113,-4.976565533174147,1
333,1.131705872732164,-0.44179421543998465,0
334,-9.1420786772171,-4.971732123831776,1
335,2.6292407960660693,0.5577541278090155,0
336,-4.650597748193512,-0.7849349954703804,2
337,-4.147248402272698,-0.512187414868911,2
338,0.4699550695876553,-2.614109886699778,0
339,0.5006280861369079,-0.1139969710419807,0
340,-4.614955999081603,-0.8560501323073437,2
341,-8.80781993478841,-6.470345596567668,1
342,-9.04639429928886,-5.232851209869834,1
343,3.6379415523150795,-0.011685272205308017,0
344,-9.558260265845536,-4.207130582572708,1
345,-8.415011160745433,-6.359745922210558,1
346,-7.315257853001239,-5.1115884486241665,1
347,-8.103443144987233,-6.073298166608395,1
348,-7.837322653920839,-5.029869889519854,1
349,-4.76662864224175,1.1982449425168387,2
350,-2.6511547184909334,-0.6918286469848774,2
351,-3.989407167665491,-2.122139480522075,2
352,-3.3700307655731576,-1.3819734976313225,2
353,1.0906804194072304,-0.5790309731908696,0
354,-4.5692628547351894,0.28562938316580605,2
355,-10.355886430271568,-6.205049631031504,1
356,1.8479382544312215,-0.1652439947770764,0
357,3.1317348896852186,-0.06888043552094103,0
358,-8.976483486008974,-4.206185074858049,1
359,-4.517665068011276,0.7350579918030309,2
360,-4.336255944881714,0.6122937318829694,2
361,-9.15760417922515,-5.1710616855782074,1
362,-9.191527953847023,-5.73763572159075,1
363,-7.66798467347796,-7.10824783666295,1
364,-5.540758566752019,-0.26017606980907937,2
365,-4.086847087551947,1.0335862744518116,2
366,0.9716898038344631,1.090491428619413,0
367,-8.367659962618895,-3.6957102552680645,1
368,2.3049631538830515,0.41757257444230156,0
369,-9.217604790322953,-5.46475932131316,1
370,-11.082786626074988,-6.760130230724132,1
371,-9.10080254290399,-5.267445212002776,1
372,1.6726921612029972,-0.35773243899081697,0
373,1.1561087905828522,0.5195025692968827,0
374,-3.923653617827915,0.5703315960307738,2
375,0.6744134060722167,1.449235584019096,0
376,-3.3466953346815265,0.7741416374108109,2
377,1.3204616712502517,1.8516569038638735,0
378,2.259227998876846,-0.9678044076353094,0
379,-10.67417277649353,-5.043762239242748,1
380,1.2001394334257856,1.3146729211218422,0
381,-8.504406492236248,-6.690351639211203,1
382,2.0173647952606255,0.018348765744036433,0
383,1.9964205890331028,0.1883077669784588,0
384,2.943784819616977,1.8726601048361198,0
385,0.851743289681119,-0.38624555750800615,0
386,-4.826726649505434,-0.39045225064248146,2
387,-7.068138192771017,-7.042356049840691,1
388,-3.8667045843338426,-0.726157244473451,2
389,-8.264461561503694,-4.698835716504532,1
390,-8.240016342310424,-5.49910683841357,1
391,-5.360115157207609,-0.517664984983467,2
392,2.7099104318969967,1.323184453304639,0
393,-7.511483818043761,-6.000510457950853,1
394,-9.819555694936843,-4.055328515638177,1
395,0.5235298071377543,-1.3024329234241914,0
396,4.526840820190065,0.9021530543810552,0
397,0.869299932197112,0.15629666877290505,0
398,-6.037241313525918,-0.16117021970239964,2
399,-5.002267915132471,-0.2418439378277364,2
400,-8.440472333999097,-5.1870924447107365,1
401,-7.761705906038806,-5.3129394613834595,1
402,-8.337382468760007,-5.004819677571405,1
403,-8.180259759733943,-8.05058169170969,1
404,0.9519528644252007,-0.09362042270177817,0
405,-9.290698181240941,-5.681725857637091,1
406,-7.937178175063769,-4.514453511692121,1
407,-10.054484140747036,-5.436392852475427,1
408,-9.474292765103964,-6.417347714732104,1
409,-9.86479963423711,-5.333179012810886,1
410,0.8543503913100381,1.0888136690553327,0
411,-9.772313637070488,-5.692617801020432,1
412,-5.2846430700611675,2.113070585830343,2
413,-4.4823246952650955,-1.1245154528376238,2
414,0.6867330120392694,1.2158257802514352,0
415,-9.51338803871123,-5.5969509141012255,1
416,1.4615865317473533,0.5530898956229372,0
417,2.6463166892291263,0.5545699539046363,0
418,-5.833862755785956,-0.5186879148450222,2
419,-11.100398929672293,-6.3379794006784715,1
420,-10.027317465503888,-5.82024857496511,1
421,0.8895915213303123,1.6729880108762065,0
422,0.4234219293820263,-1.056286271141202,0
423,-8.498138418445285,-5.440122131920553,1
424,1.8190909486292712,1.2577253160110895,0
425,1.203699405394714,2.289141134122991,0
426,-7.541022794553885,-5.173554569015154,1
427,3.0367639717582215,-0.2879158418086025,0
428,1.4446539796262534,1.1590590452538976,0
429,-4.9614200217736135,0.6956111171171189,2
430,-5.644481118512744,0.6398339895591031,2
431,-4.830041613916018,-0.9634768131246076,2
432,2.5648574502371484,1.3721613272418487,0
433,-7.56750975054706,-5.614287921286432,1
434,-2.9869256835673172,1.2460299199065945,2
435,2.9170808661767262,-0.14597596151089676,0
436,-9.958776475873483,-6.649058808893305,1
437,-4.917748911074028,0.635990950105608,2
438,-10.285342576042249,-6.54228303001069,1
439,-5.764916309140144,-0.6618055172637208,2
440,0.9907594217657136,2.019186023357122,0
441,-9.394722571896502,-4.394165458505486,1
442,-9.601982736458224,-4.615951405878353,1
443,-8.763983390679309,-4.455401436361495,1
444,-2.3991839018197965,-0.2812812693727575,2
445,-4.789734576181185,1.139440157234172,2
446,-8.289527958546584,-4.103330010976549,1
447,1.5159033621136495,0.6007547077060951,0
448,1.2489280321271368,1.5314650533739764,0
449,1.9589338782041916,0.5739474807071123,0
450,-6.06738546590786,0.9896645826474807,2
451,-8.946242066542576,-6.914582403136766,1
452,-8.556479108976138,-4.797960522807266,1
453,-8.581830426324716,-7.222561612908338,1
454,-4.386047967446729,1.1574675682675744,2
455,-3.5221017482366177,-0.06862891472407776,2
456,2.3576401033940373,1.0923793991618584,0
457,-5.699893960198515,1.4739650214281823,2
458,3.3182870169868,0.5866589530977558,0
459,1.5178397125780205,-0.38891381740363673,0
460,1.7117274055398806,-0.9434139465213978,0
461,-4.641492570341506,-1.1507769575832183,2
462,-8.564838863559988,-5.248277192382497,1
463,2.894503070459274,-0.8053376940010173,0
464,-8.811276009286505,-6.119318265801827,1
465,-4.226795675693368,-0.976343457274057,2
466,-4.250759693222604,-0.5352813389246575,2
467,-0.08201061233461271,0.5342873271947978,0
468,-4.975141339966272,-0.2810096120555643,2
469,1.42743389531062,0.8271984298972835,0
470,-0.2017372557840118,-0.7343231288989396,0
471,2.2110318036209664,0.9575758274285107,0
472,-5.4962433959468235,-0.44866206498110395,2
473,-8.546892921479683,-5.793836901416743,1
474,-8.8010411392451,-6.491280077545328,1
475,-3.3041503811962203,-1.043539485459438,2
476,1.6240301316959698,2.287746847646754,0
477,-4.3205757678096255,1.4935090578692929,2
478,2.579124433353092,-0.7317610036258944,0
479,-4.132345801050023,0.15974116717510764,2
480,-4.826651908125601,1.6171959768905804,2
481,-8.999443659040459,-5.145635658223759,1
482,-4.727568460531401,-0.046813975950575626,2
483,-9.026662433738153,-3.944630156067234,1
484,-5.8120055106573485,-0.056981830372580866,2
485,3.1299567534422126,-0.09805136343295762,0
486,-10.740490577306723,-4.842183047056214,1
487,-8.917796503936676,-4.237337149627794,1
488,-9.567779852047678,-5.998867818009907,1
489,-4.668145633607493,0.7045689755763886,2
490,-10.249234140291287,-5.912453826661354,1
491,-4.39955907350404,-0.2243621868360577,2
492,-8.177601403929728,-5.247909654632975,1
493,-9.281041955409194,-6.5977747631896175,1
494,-9.64588225102724,-6.27518734285796,1
495,2.116636555278704,2.10569536273981,0
496,2.0809067596430846,0.8023849101293641,0
497,-8.223415781922736,-5.769734414894044,1
498,1.4392984047258781,2.020439958704863,0
499,3.348461206113848,-0.9317862765374869,0
500,0.9558327962555527,-1.2545162013691507,0
501,-6.427739535020621,-5.178356755612015,1
502,-7.48878714617956,-6.379566119627492,1
503,-7.635549727929067,-6.307742222049331,1
504,-9.528058684769105,-4.391448095924026,1
505,1.589451383821513,1.490526771727433,0
506,-10.03012797783472,-5.140980735444632,1
507,-4.098690359673707,-0.8346426595930226,2
508,-8.121022102232164,-4.300281980210252,1
509,1.800051321468394,0.652567745360565,0
510,-8.038559660598759,-6.267220630337819,1
511,-3.39878454281766,-1.2967666457119755,2
512,-4.228092104655193,-1.3436122213753092,2
513,-8.625776304657068,-4.358715868753495,1
514,-9.522247154799173,-3.7497944409789055,1
515,-4.87734280801755,-1.2752140843282753,2
516,2.1959849855564393,-0.5734027117501104,0
517,0.3604325598465248,1.9859663869571462,0
518,2.894556602227602,0.2965744038019328,0
519,-4.4599246331879785,-0.9350972832688416,2
520,-8.188561662448762,-6.011656726161956,1
521,2.3868501357746252,-2.457587970799234,0
522,0.8403966209798546,-0.7215750382351462,0
523,-3.4043103872479534,-0.4642258113610799,2
524,-5.934995710399793,0.3805343653273234,2
525,-10.304459357960571,-4.317792831514646,1
526,-3.3765929231144876,0.4117787853394225,2
527,3.7371431273901323,1.291585130002852,0
528,1.291900652739514,1.2810303015911841,0
529,-5.446647094873624,0.03869840340630451,2
530,1.3085814001550133,2.1740010539112804,0
531,-4.423937605432774,2.49266465442067,2
532,1.1999260341951725,-1.7647592275458988,0
533,1.8852171936666509,0.3381593266301747,0
534,-10.597878380441326,-6.698331427780945,1
535,1.9575285852663604,1.3645339916893322,0
536,-4.614237430786063,0.9626326789088002,2
537,1.9345008447885592,0.9259492651986192,0
538,-2.164528294906777,-0.98363408707778,2
539,2.097588264542284,0.7723759351785966,0
540,-6.252938032495119,-0.23346236769977757,2
541,2.7915945369626844,1.1655882260464336,0
542,-3.0443028452903853,2.5468518429897546,2
543,-6.724498495358786,-6.255242854846359,1
544,-7.368880865153245,-4.278859525502531,1
545,0.7950836233806033,-0.27817624809495245,0
546,-7.286775743305945,-5.177541613530739,1
547,-7.735257232171984,-5.74737512041708,1
548,-9.940503989183938,-4.959588810737746,1
549,1.8356991027001497,-0.0037910170911041874,0
550,-2.0453040488294163,-0.1936921001225827,2
551,-4.32375856767458,1.642427526342886,2
552,0.8792119756595522,1.7779915755275237,0
553,1.8046649560756798,1.0555752320290246,0
554,-9.292505554635648,-5.640008098269574,1
555,-8.349318523896077,-5.440823175136536,1
556,-5.541013546314347,-1.0167206993638636,2
557,3.8354149649939306,0.5484512867964163,0
558,-4.302623331863379,0.5980334768837263,2
559,-4.8216610529768404,-0.5207860359561495,2
560,-9.709441830814573,-6.1320820508333584,1
561,-4.9163591713275725,0.2310342956446173,2
562,-10.270169803322965,-5.199851197331443,1
563,-6.191530266408449,0.6285398910146787,2
564,-8.471446425811815,-6.8742509931518505,1
565,2.5570818629187198,1.4549683604040993,0
566,3.0560138671240713,1.2782016766128121,0
567,3.7884487893899057,1.7946503046904438,0
568,-5.640687946713658,-0.47012938012078864,2
569,-11.005510040557546,-5.7644642909229935,1
570,2.0595101491677132,-0.09507985260576657,0
571,-8.937611896425572,-5.005264304434753,1
572,1.528120317075412,1.3448332429771557,0
573,-4.611914366246528,0.7468269697112614,2
574,-5.028199229235196,1.4852525852955774,2
575,-9.538116342445141,-4.964853526094101,1
576,-6.152267533445155,-0.6214849565602953,2
577,-5.38085650816886,0.8321585233471346,2
578,2.9461161863553214,0.5271214792196395,0
579,-9.169582860404844,-3.9329983179347634,1
580,-7.96355597516439,-5.467007467972829,1
581,1.3676880518274286,1.8163360221328462,0
582,-11.514735904714358,-6.694924415944886,1
583,-4.939078103465801,0.3507039819730021,2
584,-8.681065133347714,-6.190740656411945,1
585,-2.0438326728416945,1.6019136798646005,2
586,-7.194363024303383,-4.141055552994865,1
587,-4.527764246400109,1.1353975558230136,2
588,2.432132507578482,0.5733265311565399,0
589,-8.199585552543295,-6.264026096047736,1
590,-8.586395659636443,-6.072631111427507,1
591,-4.40285529650024,-0.04156962753596555,2
592,-4.766341205838596,-0.8514313903247426,2
593,-9.352452566916515,-4.534787716179759,1
594,2.1116063560364706,0.15714978229844861,0
595,-8.349709119539925,-4.789083214938362,1
596,-4.35047426308039,0.00936204166955254,2
597,1.6456392844447303,1.4176903384502442,0
598,-4.326920344203071,1.1485587947481377,2
599,-7.361718975550113,-4.788827351831398,1
600,1.4003173201086971,-1.1511748619066953,0
601,-4.87314629841268,-1.2764612399850561,2
602,-8.27559307085479,-5.852810600299909,1
603,2.638846287633028,-0.5790237983312645,0
604,-7.5017827708728575,-4.706107838756395,1
605,-3.34900231360471,0.09761889252266079,2
606,0.45519825987574336,0.4048329628367173,0
607,0.4276048583399772,-0.2566872010184277,0
608,3.926296985655185,0.12563545750115984,0
609,1.0998433052426897,-0.37628901428280825,0
610,0.9640823223626042,0.5463829900392635,0
611,-7.654586486775075,-5.6841088711055,1
612,1.826653734501739,0.49115247892746244,0
613,-8.723477963934373,-5.924992843992597,1
614,-0.37634504242195455,1.1654653570649502,0
615,-8.638334804565384,-6.099403699899242,1
616,3.3110673987769745,-1.4931267288554682,0
617,-4.603425347137682,-0.9071721814843047,2
618,-5.957361537806843,0.5767315797176857,2
619,2.6748747578288685,-0.9233346201792676,0
620,2.560383934338312,0.22406528423922045,0
621,-6.401870734005373,-1.3442078053211162,2
622,-6.2622822285916095,-0.25528203704863023,2
623,-10.747569272150956,-5.125495693262102,1
624,0.5992788735113503,0.03190830003258033,0
625,-5.589408077495931,0.3117669329753151,2
626,-11.216613939026761,-4.332577893260634,1
627,-8.160789489267287,-4.118942524264563,1
628,-6.160431792071151,-4.0737641411816785,1
629,-8.798567792794174,-7.148560015790689,1
630,-8.967813346010251,-5.500345311115798,1
631,0.9430526695606809,1.1723657553104943,0
632,-6.524736784254308,-0.4591217592895722,2
633,-5.1112844747384,-0.12389206562468763,2
634,4.108284354954176,0.03299376693391548,0
635,-3.7326979016196606,-2.1599019504750454,2
636,2.417262552677662,-0.5563646621062264,0
637,-8.004031607818145,-4.536816037463108,1
638,-4.599657456715965,-0.1343032697349425,2
639,-3.749000775135145,-1.132580816293088,2
640,-0.8733168798991788,-0.10568675241216885,0
641,-4.1114471173859135,-0.5103804981785973,2
642,-5.539526924120868,1.5112971069364072,2
643,-4.444789381093354,-0.9559682110910699,2
644,-3.6834580670719133,-1.1920567322314568,2
645,-7.604012672521698,-7.426685900202874,1
646,-5.3523879569852495,1.2984598857958956,2
647,-4.328982043276001,-0.6934878741081452,2
648,3.089627883706562,1.3637928566722595,0
649,-11.595696374481562,-4.795047445872521,1
650,3.5602281750583145,1.4054639587949906,0
651,-8.862962622586105,-6.2538976802915105,1
652,1.4408413800073072,-0.042344948815231986,0
653,-4.2274471361452,1.0604294764408901,2
654,-9.801308656352226,-6.306370764418759,1
655,-8.93967251951447,-5.38082450417419,1
656,-6.21786374370881,-0.2686353411686779,2
657,-4.750058452782468,0.5420433817139962,2
658,-10.681759211442376,-5.726276903682695,1
659,-0.1913147059925815,0.7486994966462857,0
660,1.6805213941618566,-1.0199997575069024,0
661,2.1086489661390426,-0.06272743225716348,0
662,-8.10285589330084,-5.551675513388911,1
663,-4.186357428606796,-1.1438411110969162,2
664,-10.827785735245152,-4.422454848724888,1
665,3.0919455388287123,0.6080484405161304,0
666,-5.52975069276514,1.2840238080593183,2
667,-8.246304151482073,-6.371484281966716,1
668,-9.216994200824562,-4.597121773280035,1
669,-4.388798469842959,0.7713154763239365,2
670,-6.2869951910190345,-0.6338196632665842,2
671,-3.748856937783219,-1.9303541192047113,2
672,-4.071985518145805,0.49302716992030976,2
673,-4.504972929523696,0.3899951359821841,2
674,0.9709025483934418,-1.0671325921839159,0
675,-6.688738957787885,1.6325543152190236,2
676,3.43733219297549,-0.1849622531000097,0
677,-5.855882591311528,-0.32202178772898393,2
678,-5.465713246893991,0.46802441356543095,2
679,-11.011521934876013,-5.337328561112657,1
680,-4.1678320888664855,-0.7547436879508614,2
681,1.0666653322867155,-0.023030485431303482,0
682,-5.662214374496218,1.9044755377050224,2
683,2.0888359825028724,0.23430014125657633,0
684,0.8396944038233809,0.22675581513777215,0
685,-8.182351289163506,-5.285893286142305,1
686,1.1757075311025926,1.9359960693675253,0
687,-7.377092258173684,-6.490242301870133,1
688,-6.310209059709108,0.4002143930216286,2
689,-6.9217812731136625,-6.158921345018256,1
690,3.845908176313091,0.8987933665484975,0
691,2.098160688404155,0.6637361285011343,0
692,-7.841578470641693,-6.332707923775932,1
693,-3.70228887362292,-0.21763863167736874,2
694,3.148887896254533,1.4386493016633553,0
695,-9.867959861748226,-4.7210118057293995,1
696,-10.510863333328441,-5.380456170986286,1
697,-8.475894829132267,-5.484486022812648,1
698,-4.725461843177337,0.23862002033081822,2
699,-9.55379524029269,-4.90051138604929,1
700,2.2892749583109833,2.299295347916187,0
701,-4.425450387041534,0.6445862055752668,2
702,2.2790168493942895,0.9993839311678847,0
703,-9.305707812853322,-5.053854029957825,1
704,1.9505040734784789,0.3062714893126569,0
705,-10.150257537339119,-4.165858225756326,1
706,-9.074131916444559,-5.337412052648107,1
707,-7.899883860564755,-6.232373811866647,1
708,-8.893007981885756,-4.15620815842724,1
709,-4.914190041686954,-1.6428493876383836,2
710,0.83233938688744,0.5947910601465282,0
711,-9.612929092265988,-5.917305856503313,1
712,-6.400225123767396,-0.48428110890346066,2
713,-4.1485236532637435,-0.9008639692962647,2
714,-7.942822873002962,-5.772221110010349,1
715,1.856440849115664,0.9295134037339526,0
716,-8.41592534441085,-4.070484863567165,1
717,1.7922490583245088,1.2498542357413882,0
718,-4.766758803035459,0.35743077216677,2
719,-5.5542114503614695,-0.4268981528865541,2
720,-4.780381530558369,0.6047107832425009,2
721,2.6507096200713463,0.36107516320710076,0
722,-3.809904009122109,1.8077234090581704,2
723,1.1436344315138824,1.2740522005500519,0
724,1.7934989510720767,0.6058226111293515,0
725,-9.582073371322199,-6.079460047487451,1
726,-9.421272508817154,-4.631386022669913,1
727,-8.465647835381686,-4.926353273932069,1
728,-3.9368178100226014,0.390477170352849,2
729,-7.626309971191282,-3.0340584252067715,1
730,1.8100927355898493,-0.08801402308655615,0
731,-9.966305558929717,-5.898777171449115,1
732,-3.7602570770301544,0.4863114569088901,2
733,-9.563248313842774,-4.271287239546434,1
734,-3.165741953990488,-0.24511544397681767,2
735,-8.546496075553884,-3.8866863146758517,1
736,0.2142910016541173,1.5996643988228292,0
737,2.821122390642608,0.6143159739373787,0
738,-9.413126806231444,-4.703828782830468,1
739,2.624601771372097,-0.021997606307400108,0
740,-8.058936447276375,-5.564225191451341,1
741,0.4554420459747166,1.39209389836578,0
742,-5.720357686649156,2.8601905568133956,2
743,-4.5868051798827505,-0.6166708240601272,2
744,2.0216125379168695,-1.088559181598494,0
745,-5.2914741349055205,-0.6275645382773769,2
746,0.6987030961374949,-0.2202953310711525,0
747,-9.641833691293668,-6.625689978886216,1
748,-2.8047862085537547,0.21898517853274913,2
749,-4.231459427225203,-0.7081707467331758,2
750,-3.86204296210746,-1.3311150084941121,2
751,-3.982551198787591,-0.038278588504701117,2
752,-8.968669169488845,-5.709827112132518,1
753,1.984986630689432,1.8115564214193514,0
754,1.9553192991940462,-0.5290620688188639,0
755,2.5544911503401533,0.0897413186534155,0
756,1.7877765301559203,1.3489405121365332,0
757,3.661061958237611,0.988121721322579,0
758,1.1659117101507006,0.8427558733163883,0
759,-10.921291504146735,-5.779921025555501,1
760,-5.5808624802247095,2.9259503538267886,2
761,-4.7385601447347625,-0.16680844964423808,2
762,-9.745672782015566,-6.684091091125792,1
763,2.305599908851411,0.0012709493392324411,0
764,-2.766811793912261,0.7442683631986413,2
765,-4.670923168689831,-1.921683337959799,2
766,-6.274010335692853,0.25235738418716974,2
767,3.251520812278335,1.0528518731389935,0
768,-5.3776521340592645,0.11816286401107116,2
769,-9.056056315405312,-5.116164756845117,1
770,2.8988069905578104,0.41148935061274367,0
771,2.4905662438351763,-0.1279690055481182,0
772,-4.068864327884574,-0.19081055540712266,2
773,-5.138036646361801,-0.3147131393832416,2
774,3.865892383923322,1.3887001829970413,0
775,1.830350118082524,0.6089688160800496,0
776,-10.973854551624992,-4.433143913251301,1
777,-7.6720100499119885,-4.744017085583839,1
778,1.403716274922068,0.3579229419836767,0
779,3.8746735928844216,0.5248188673264181,0
780,-9.858546010733594,-5.872784880889062,1
781,-4.803350337716438,0.8363811368404019,2
782,-5.132801895416043,-0.6804895718533955,2
783,-5.591588811637175,0.03156434263769304,2
784,-4.052783105952634,0.23271026905166942,2
785,-9.470115000542457,-6.628823715954883,1
786,-5.364552904450212,0.48005828745434165,2
787,2.1243257482854396,0.08594964813165601,0
788,-10.477654601472866,-5.468705250594639,1
789,-9.256010702753905,-5.956184597308535,1
790,-2.849064062049675,-0.9064089069402212,2
791,3.0326879769285773,-0.39289009875924685,0
792,-7.328657268136807,-4.400964369745739,1
793,-6.085404432684314,-1.2973550516689458,2
794,-5.6665046397062575,-1.2783386488545976,2
795,0.8629658998964473,-0.4963087872805718,0
796,-4.632113028402602,-0.45482401584832377,2
797,-8.910099662978658,-4.431166890089699,1
798,-3.1469785145406926,0.8796423809790545,2
799,-7.507748127732276,-5.0232808831818785,1
800,0.7091151140120853,0.4387707483277145,0
801,1.5668053008224676,0.7381531338257723,0
802,-5.443832008598642,1.3262713594183115,2
803,-5.085604017018283,-0.8630766553186644,2
804,-5.395117864030988,0.2559907313177875,2
805,-4.665294652297669,-0.7756330280614656,2
806,2.751044851065546,1.4550433877006457,0
807,1.8600241500936496,-1.296781898393927,0
808,-4.468988133429968,0.7753863970798105,2
809,-8.723244154564709,-4.7556114941698295,1
810,2.294785935050376,-1.2219781154239742,0
811,1.5321088431962138,0.3714226235384154,0
812,-3.74494188795671,0.05959437446752579,2
813,2.9475679000292687,0.5105721527328353,0
814,-3.0200891467074875,-1.1947278903761136,2
815,-7.392175315302857,-6.038955087311854,1
816,-5.108423044941151,-1.0255417800149536,2
817,-9.906092436518392,-5.087900355038639,1
818,-5.106668529405197,0.020494447353174447,2
819,-5.254062751553487,0.9476051145100176,2
820,-5.682730779305156,-0.4624957475900173,2
821,-5.583322591614167,0.05208735919075748,2
822,0.44147390649363594,-0.9289704998102697,0
823,3.5756203021591264,-0.052400453186483564,0
824,3.111794877862586,0.2303369870519656,0
825,-4.425227378883932,-0.3556667863728596,2
826,1.656469827327798,1.0008503658189065,0
827,2.0908298229823896,-0.2262601405750907,0
828,-8.526895138096267,-3.7610477024841975,1
829,-2.95121440243978,-1.6223800155933628,2
830,-9.065471921511381,-6.056958784652267,1
831,1.635975758400348,1.0408063233350189,0
832,-4.851399801190168,-0.03882335889540342,2
833,-3.7992736711148476,-1.146686721428829,2
834,-7.881754717295662,-6.313522165825298,1
835,0.05797891951668199,-0.8597361269196453,0
836,1.935724555671944,1.2024819966575042,0
837,-4.960867922627471,0.8036189653922267,2
838,2.6777718111052216,-1.4491786992967814,0
839,-10.156153873598667,-6.956891665485356,1
840,2.4210509745463904,-0.5797523280771844,0
841,-7.671803749710315,-5.755573691553282,1
842,-9.04124976359916,-5.750364173389873,1
843,4.2448359112235465,-0.5714083714589804,0
844,1.3835404166131449,-0.4468323679758497,0
845,-5.380031775309863,1.0276159637091502,2
846,-4.756141681398869,0.7381843504575253,2
847,-5.074979188965057,-1.085671708339848,2
848,-9.11409219942429,-5.1128484586749465,1
849,-10.914623393503664,-6.45183110869539,1
850,-4.849550809543006,-1.2530426158428614,2
851,-3.9644831683471957,0.17557612194722494,2
852,-8.36280966341979,-5.676997583219265,1
853,-4.534373108634593,-1.2319613301216936,2
854,0.9854585815286161,-0.2962784065215296,0
855,0.495384175647287,1.5575020862745756,0
856,-8.260799983426088,-4.0978725874177195,1
857,-4.598455723320966,0.3839477000884992,2
858,-8.574863564262778,-5.057894253852359,1
859,-8.493893223775688,-6.652329184382712,1
860,-8.414398803422342,-4.073733825930403,1
861,-8.626877609696812,-6.443753394556457,1
862,-3.9585154506514586,1.3560499213442476,2
863,-6.179508919861357,-4.655161572258422,1
864,-9.257562426461238,-6.09852671647519,1
865,1.714976694906896,0.6950996768334219,0
866,-4.510550512458204,-0.09686486568547092,2
867,-8.429515838955052,-7.749214516298581,1
868,-3.36164133414744,1.2379685314913862,2
869,-9.29734446531157,-6.10748729695548,1
870,2.1354403656046035,1.151734489124257,0
871,-9.988724152592619,-8.812245010992038,1
872,-11.013220293945626,-4.083084583119697,1
873,0.8743822758847275,0.46326961248782644,0
874,3.729731175213807,0.559678360359031,0
875,1.5872434245770939,0.2541563271624415,0
876,2.8222982194130743,-0.10573345708445603,0
877,-3.818456061608538,1.25865900253546,2
878,1.4118053600335922,-1.4254415459881085,0
879,-8.934702575835312,-4.561768446596455,1
880,-4.86651249591792,-1.394438314018165,2
881,-9.55540848298266,-3.4865660788543815,1
882,-3.413783341483353,-0.16905237610282758,2
883,3.0684988544868097,0.8914004997863313,0
884,-9.547867093421905,-4.935483004067219,1
885,-9.71758418970825,-5.580161817556675,1
886,-7.819545989378717,-2.8296540045693255,1
887,-5.499141006396412,0.22269762857309489,2
888,-9.377887810125408,-7.7607752928322835,1
889,-7.2219133195715255,-6.0908060815562735,1
890,-4.81584896481685,0.6065687025623261,2
891,-3.6257130743517836,0.49796834855791033,2
892,2.077776931837085,0.3929715255904265,0
893,2.776961486537232,0.8018119570917132,0
894,2.2431427523851974,1.4987826484687186,0
895,-3.987442624339321,-0.3031370906381263,2
896,-8.680537062697201,-3.0784334476820603,1
897,-5.417842148845089,-1.487975893009189,2
898,-5.233100173652652,1.3576673718162788,2
899,-8.59671597626308,-5.878370155861824,1
900,0.620519421122613,-0.47353828043659485,0
901,2.125210510242051,0.6174836767109169,0
902,-8.307239276014126,-4.085452907643257,1
903,-5.168115816685052,0.8697905368944975,2
904,-11.549334347051934,-3.0719956518820535,1
905,1.377814541545991,2.0179723775838907,0
906,3.842121873561946,-1.8390737958496075,0
907,-4.870309235932309,-0.23949830871010724,2
908,-8.39572349180463,-6.5698449794963585,1
909,-8.899641996742073,-5.983046870413421,1
910,1.712496046278809,1.9208181831000501,0
911,2.3944717805666618,0.5506008241895833,0
912,0.9307643339224809,-1.080859062939599,0
913,0.872842192441702,0.18620218424570628,0
914,-5.941341768457441,2.2599106035764507,2
915,-4.94372959668787,1.877461288869232,2
916,1.713926659884139,1.4778151627741718,0
917,-4.180414504971515,-0.6659455908009693,2
918,1.5058120398608774,0.984628845461651,0
919,-4.463749263346391,0.651948644126957,2
920,-8.47224130253472,-5.15715878949013,1
921,-2.7894878164250767,1.817753650960417,2
922,2.059525824343515,-0.5502838448461407,0
923,-4.576628173169735,0.6307460303551035,2
924,1.3231650717489551,0.5118111690013563,0
925,-4.5615858731577195,-0.3573352268522697,2
926,-4.653473014855058,0.6880578102395312,2
927,-10.408840916896295,-5.84105771292328,1
928,-11.001750061198202,-5.5936376005785124,1
929,-9.6889262286379,-6.230276439852502,1
930,0.2748776347158637,0.10968958647848276,0
931,-3.0030626942786247,0.40571228995641295,2
932,-2.743015907296969,-1.183390220864048,2
933,2.382232530177851,-0.7336048154299182,0
934,-8.36240279850534,-6.32873113077528,1
935,1.5910037478406651,1.3266651263747555,0
936,-4.434238867552453,-0.9696993427260574,2
937,-9.080909987519156,-6.651663794484099,1
938,0.8237235321922682,1.1379863764467637,0
939,-2.9263688444684366,-0.6340421097112954,2
940,1.6552745918535774,0.6994030431992546,0
941,-8.707387577957807,-6.057452179025522,1
942,-9.114936708140046,-5.262219322391338,1
943,1.3372698466917818,-0.8735185711242182,0
944,-9.725989961094248,-6.526182443304647,1
945,-3.609064318663833,-1.0862162169649847,2
946,-2.912387042970048,0.026621446572734957,2
947,-4.153390750613741,2.261270436372715,2
948,1.7706517149438463,-0.08383651324258434,0
949,2.40590792762815,2.698450845347718,0
950,2.6940431789822274,0.688849654946829,0
951,1.6148028048527878,0.6577425893262401,0
952,1.272748519755146,-0.94879809966844,0
953,3.3242339263412184,-0.05334716339768453,0
954,1.8259908702003806,-0.030133262340775735,0
955,-8.699851802010699,-4.366109274104087,1
956,-6.96846002031054,-4.8596416631545125,1
957,-9.307371719440944,-4.764867166050291,1
958,-9.999526567377833,-4.483097302890031,1
959,-8.820503319337643,-5.971204525755202,1
960,1.1333069401318725,-0.1152735600824375,0
961,1.0831034327657623,0.9919088853106104,0
962,0.9024579512651689,1.2864904387311262,0
963,1.0635743245560922,-0.3371041440060102,0
964,3.76449847025157,-0.36247829902905593,0
965,-3.44663590522076,0.47516659826156,2
966,-9.512198437477108,-6.116890170607714,1
967,-3.9218638505223518,-1.7302958857965915,2
968,-2.2544321096295628,-0.6162060026569468,2
969,1.5905245568557593,-0.20826918110225368,0
970,-10.434603097384962,-4.959452741266736,1
971,1.0366572809736554,-1.1684319422554612,0
972,-8.566376552055129,-3.987933978839669,1
973,-9.262537187576594,-5.072119255877643,1
974,-4.163540366583157,-1.1511345112223894,2
975,-4.932956215257367,0.05757327710656494,2
976,-8.338261619060512,-6.784566858424688,1
977,2.2536169027426745,-0.4444259996494596,0
978,-10.039355205399064,-5.399475097920185,1
979,-8.50263890665432,-4.608682696754421,1
980,-3.6608557155180477,0.6109097581149269,2
981,2.3201102870374894,-0.936001885194552,0
982,-9.408674879194809,-5.706670925944412,1
983,3.163300398969902,0.904964870888864,0
984,-6.1830919018997985,0.16104206301001145,2
985,-9.31520873637355,-6.685445979482482,1
986,-8.067042162358504,-0.3691917627141829,2
987,-5.659222137865987,2.1568128063393934,2
988,-6.006102321520424,0.5937898678318331,2
989,2.980959455826042,0.46106047025978075,0
990,-10.35876421797561,-5.186269009752711,1
991,3.5834754336794274,0.912011077951657,0
992,-8.130436762907543,-6.569799089827351,1
993,-8.080540595864527,-6.708442533111306,1
994,-4.306592907322957,-0.610901254750172,2
995,-3.29961772397695,0.11103843271012172,2
996,2.0687110597886824,1.2456731610410618,0
997,-5.302020837946024,0.020668326548511362,2
998,1.755687551069021,2.488386688216881,0
999,-10.09150037184327,-8.123904470502884,1
1000,-8.941986829361786,-5.020903807127506,1
1001,2.6319722922454303,1.1158184700831386,0
1002,-8.69782572949338,-5.38502460533821,1
1003,2.1777448252241243,-0.2309507730906204,0
1004,-4.813285524299355,-1.9542014721137324,2
1005,3.0774678994111087,0.48750916741571243,0
1006,1.7966787773883237,0.6267928967498599,0
1007,-9.869667348829923,-5.6371528087748946,1
1008,-8.391596650437368,-5.541852484920653,1
1009,3.742686302287404,-0.7502231653357887,0
1010,-4.245108422311803,-1.3437784610444978,2
1011,2.1052513891167233,2.7054122254553516,0
1012,1.7039581972730706,1.6202903517414182,0
1013,1.778231040618226,1.225214650371858,0
1014,-3.8215061982396756,0.7201956423715965,2
1015,-3.3641560894440787,2.0416697471453507,2
1016,-5.44770217653314,0.6031484652321288,2
1017,-9.444340943836563,-5.357890239122123,1
1018,1.893364625357889,0.579542664216397,0
1019,0.7168146290197575,-0.14968700370453591,0
1020,1.85634303568513,-0.028164037591074664,0
1021,-8.970662252123258,-3.554526002584902,1
1022,-2.7405256513943623,-0.034252064524750825,2
1023,-4.772905098609068,-1.5886662329379846,2
1024,-3.450048983826103,1.1658675988854095,2
1025,1.527020557125923,-0.31953729519020757,0
1026,-6.059624612948667,-0.2056423501149267,2
1027,-4.488164480943522,-0.011739753850731893,2
1028,-4.527642573459283,2.185236409268157,2
1029,-9.850860042351858,-5.586032490265994,1
1030,-10.72143172778081,-4.689778288484299,1
1031,-5.597074305113817,-0.3686157195146879,2
1032,-4.40470855964348,0.19747683879147448,2
1033,-9.391198586667384,-6.976665785730745,1
1034,-4.907726014162727,-1.3401250294016034,2
1035,-8.064756718003302,-4.6095260240804725,1
1036,-10.303937851823829,-3.774877489970949,1
1037,-6.85864114554864,-0.6361929661820234,2
1038,-5.998775796504678,-0.25187634055487823,2
1039,-7.20954532766708,1.2749859067283913,2
1040,2.846477429737451,0.46730382095392825,0
1041,-3.9682880834499747,1.1017677828759238,2
1042,-9.362718467411089,-5.436930999551609,1
1043,-4.023370380645433,-0.15757065561049852,2
1044,-8.939546733282775,-4.709520650681,1
1045,-8.107701520733363,-5.628744187975103,1
1046,1.3797437665916616,2.4757105845682323,0
1047,-9.830604008503517,-6.363810908445996,1
1048,-8.859004280101894,-5.6559362347378865,1
1049,-4.024052132570974,0.6331759278412288,2
1050,1.180612178106848,0.605627234144816,0
1051,2.7066225967911763,-1.0354411102169319,0
1052,1.7439403730685543,-1.4783882363937935,0
1053,-8.588925973066226,-4.496360072710914,1
1054,-4.570055834068173,1.0675461242725865,2
1055,1.7454126629900737,-0.8214587893014673,0
1056,-4.787785663132005,0.11935530048181028,2
1057,-2.8480127129223716,-0.3375751719331556,2
1058,-8.967632406831457,-5.118940256222421,1
1059,-8.32328677650838,-5.9084790602362265,1
1060,2.186861403763074,-0.6138793765803308,0
1061,-6.957016518796102,-6.168294669202298,1
1062,2.943240951230745,1.3199491173125746,0
1063,-9.647521934091229,-5.269310448426802,1
1064,-7.151976649119726,-6.013683649809295,1
1065,-1.8720972291761862,-0.35793907981278006,2
1066,2.3556991831215766,0.51298411136662,0
1067,-3.35112600064156,0.03489868281123973,2
1068,-9.40196134926296,-6.259828868449949,1
1069,-4.990868400813436,-0.5251114195100554,2
1070,1.3246744163728659,0.4733443247003826,0
1071,1.4748816164179135,-1.0882224116503736,0
1072,1.5710411615841229,0.12053572185068662,0
1073,-3.3999820409877675,-0.2898190689146749,2
1074,-4.026169217774198,0.44200430923647044,2
1075,2.2329942647862726,-1.073310799518057,0
1076,-6.5154455346716205,-5.3711329326967565,1
1077,-4.779440244027336,-0.6805117242931321,2
1078,-8.688766161347612,-5.717160864828306,1
1079,1.9584889187617818,0.20063358005608317,0
1080,-8.756630089838131,-4.4432674043693785,1
1081,-3.9867474554311766,0.48648523522306963,2
1082,-4.650431642282756,-0.2056988351619194,2
1083,-9.161177124808443,-5.303399279545378,1
1084,-4.616971218053589,-0.019079366978443382,2
1085,-8.760557674131482,-5.60819959368923,1
1086,-3.796261382585441,-1.3905334988789348,2
1087,1.5213300389662567,1.8241846883149406,0
1088,-3.686953458695322,-0.15777709993459732,2
1089,2.788955500605268,-0.1888947704289773,0
1090,-5.0658706380382235,-0.7023167826988752,2
1091,3.213395191885473,0.7207612819133137,0
1092,-9.456082726666587,-4.271228079322207,1
1093,-4.672423411588857,0.05800425282776599,2
1094,-3.5908248375113763,0.3256375585846938,2
1095,-5.746172946415983,-0.4241493122664649,2
1096,-10.353153644077388,-6.618662170384914,1
1097,1.0873240195575158,1.003685506768555,0
1098,1.5519882046278513,0.3785193852643838,0
1099,-3.6194728679338937,-1.3224101532617965,2
1100,-10.365609161072875,-3.7935495387331066,1
1101,2.559946733620115,0.20875124803352074,0
1102,-4.096445087919157,0.26052802326207125,2
1103,-10.63747260350863,-3.8883182856717227,1
1104,1.8238629036540954,-0.786915931758257,0
1105,-9.282386853122723,-5.244460287703559,1
1106,2.140552720486953,-0.016371434182561928,0
1107,-3.4978714105430795,-0.760038420119062,2
1108,1.979411494547193,1.462679825644686,0
1109,2.425085211098502,2.345182774240301,0
1110,-3.689015390225299,-0.10105728971766229,2
1111,0.11261937434225167,1.7367712356772451,0
1112,2.578005711429335,1.2376552707992767,0
1113,-3.6896546650562336,-0.8326553795476457,2
1114,2.985448004179233,-0.6128006472215994,0
1115,-9.19103813486944,-4.112440509701503,1
1116,-9.32124010838266,-4.3300960000751925,1
1117,2.5732636735788934,0.2791142066798156,0
1118,1.1853613064859716,0.26744204920594894,0
1119,0.4279757946227445,0.21754267956300843,0
1120,-3.3418485953973684,-0.20731210798428978,2
1121,-11.05777622012085,-4.754306056893029,1
1122,2.671094340361471,0.5173468159099813,0
1123,-7.540582786133213,-1.2655822871571072,2
1124,-0.9180907051434084,-0.5438080147451336,0
1125,-10.075139757441242,-5.166140659280098,1
1126,-4.512067451288989,-0.3148652676539939,2
1127,1.8264851066616665,0.25738726093323594,0
1128,3.1326328018764977,-0.6969622192895237,0
1129,-9.664962792251835,-3.517326596932492,1
1130,-3.679406288229191,-0.47864267600308064,2
1131,-10.681572900255562,-4.33209993971486,1
1132,-3.9940752119603906,-0.5905462488745326,2
1133,-5.720597373387377,-0.10924406333381667,2
1134,-6.808790846707652,-4.620629561952247,1
1135,-4.183160451979774,0.8460823559299595,2
1136,3.0255499917929027,0.4387547970514902,0
1137,-10.726444373937936,-5.145179614389152,1
1138,-8.65588573346741,-4.696329894434855,1
1139,0.7252901279879969,-0.08292832983327292,0
1140,0.06989390199180101,-2.2019400292084357,0
1141,1.3143312117381627,0.14796286447913748,0
1142,-0.07317061168049266,1.2805904876886103,0
1143,-8.539527060983598,-4.179547808307955,1
1144,-7.970790797515643,-4.981230722901548,1
1145,-9.013559699515337,-5.625264220501237,1
1146,1.845182607762516,1.5961747917429092,0
1147,-4.077868118179627,-0.8271732206655811,2
1148,-9.412737280548077,-5.198149896659186,1
1149,-9.19109472346715,-4.167130649499599,1
1150,0.2388600579340694,0.11078347460270282,0
1151,-5.78391696855782,-0.4459230235191285,2
1152,0.628911185148344,2.3199624732301283,0
1153,-9.355505497264684,-5.626137592323685,1
1154,-10.455310047594793,-5.5083888282672255,1
1155,-7.325771780330898,-5.944625911348799,1
1156,2.9453678698172965,0.7046136835670336,0
1157,-7.403137026996489,-4.697283683548042,1
1158,-5.877859428034984,-0.44731747590706883,2
1159,-10.92292963405382,-4.215832410998027,1
1160,-8.579696002666978,-7.377091963899568,1
1161,-7.483972085133248,-4.997666633348237,1
1162,-9.348180028930857,-5.904305992652762,1
1163,-5.127499272038498,-1.6465288960578375,2
1164,-4.975348631088307,-0.44596857165226156,2
1165,2.5639547943517584,-0.24028755466840024,0
1166,0.9014051014169688,0.8857501279135261,0
1167,-9.511533410050559,-3.744241820563215,1
1168,-8.615512405876498,-5.176937573418215,1
1169,-4.805516477983412,-0.8786196120210551,2
1170,-0.05895223929042581,-1.956802029965377,0
1171,-9.097713829009916,-6.4031776187877645,1
1172,-5.197760907453301,-0.1519661399492888,2
1173,1.8284893075028261,0.34484725909727487,0
1174,-9.744184136056218,-6.083270113291655,1
1175,3.260920324509672,0.22872151079111613,0
1176,-6.853906845458546,-1.8942196818188792,2
1177,-7.8141062541570765,-4.949899007962928,1
1178,-4.774700921851763,-1.2086883890460214,2
1179,-5.556544005765996,-1.601817458895052,2
1180,-8.305725426267667,-5.050332426001561,1
1181,0.612259957162099,0.7950376556060463,0
1182,-5.17398168659146,1.4999292179242014,2
1183,1.2292565134958235,2.0109660846492297,0
1184,-7.316756669377688,-4.114941013824956,1
1185,-2.513435394060142,0.09823894952758867,2
1186,2.483994614864408,0.7889239287147979,0
1187,1.0034006801043625,1.2238017387007354,0
1188,1.2240343157016773,0.31259834236016804,0
1189,-5.441667541498855,0.3084298948759099,2
1190,-4.813444023309665,-0.06375730761334819,2
1191,-5.291750418201495,0.26580745866358324,2
1192,-0.1556230847756237,0.5504577471376086,0
1193,-8.352969968244734,-6.136615090272412,1
1194,-4.839529850050699,-0.617595471500762,2
1195,-4.1894017026177615,0.16045278426265985,2
1196,-8.753188343022702,-5.112567890249545,1
1197,-10.388321991151399,-5.962169896256585,1
1198,-5.506884658421193,0.6039869489735531,2
1199,-4.235383752656026,1.0016743678157756,2
1200,-5.3034807045224035,-0.1402123837568782,2
1201,-4.302772856758895,1.5800071006393726,2
1202,-7.458683385030151,-4.801524159830924,1
1203,1.5162341946765683,-1.4918392198317763,0
1204,-3.7034325794623855,-1.0879775237339242,2
1205,-2.6341134746201567,-0.1477405549016806,2
1206,1.8726395593149963,0.2498089646872259,0
1207,-5.960810491941313,0.4608156434668014,2
1208,-4.059009003225314,0.4785730042290068,2
1209,2.9019561956383892,1.5004030838925337,0
1210,-9.614597138339844,-4.918487163969653,1
1211,-9.408707072752183,-5.371872542545626,1
1212,-8.973095687681601,-4.478943994938256,1
1213,3.027612824051787,0.2863605824093466,0
1214,-8.011283357810148,-5.5433394817992605,1
1215,-8.04150698542552,-5.948699800360832,1
1216,2.7651515926076073,-0.14099314239575056,0
1217,-5.5337122300424655,-0.6939779421434111,2
1218,-8.631857905479922,-4.705688330278303,1
1219,-9.046791364880068,-6.316021071610078,1
1220,-5.4339250991417565,-0.31049153204632085,2
1221,2.4851599534022197,2.974559691752236,0
1222,-9.848801758690911,-4.48634770496306,1
1223,3.4156398477804983,0.1758434014658969,0
1224,1.2847829604526912,0.6850534593763927,0
1225,1.930693262737634,0.15248150592030235,0
1226,-5.239702403772723,-0.440420131077638,2
1227,-8.29670947371428,-6.0638877792766905,1
1228,2.1624930603790102,1.8084036133822745,0
1229,-8.179033143208343,-7.070875970108343,1
1230,-4.172542486138813,0.017826018972306484,2
1231,2.667725295278134,-0.2013134300657563,0
1232,-7.395455518978677,-6.697694394830196,1
1233,-3.811420104670076,-0.128327728560668,2
1234,-4.433163548138596,-1.0328923442393063,2
1235,-9.451052989741973,-6.634013569562122,1
1236,-8.768739149445773,-5.945912984088036,1
1237,2.0204384246841234,0.31777481742394753,0
1238,1.0966516738795815,1.441321189491449,0
1239,-9.571824405935475,-5.443755632005579,1
1240,0.2297269168534546,0.2667143147477301,0
1241,-4.700769377100944,0.6731093225251736,2
1242,-8.561400737723133,-6.044288586729508,1
1243,-9.556751995009327,-5.169511810979945,1
1244,-3.846203937867659,0.6783794911453189,2
1245,-10.0116458107506,-5.207454120549573,1
1246,1.2939260387501905,0.9273782958081294,0
1247,-3.849344238291777,0.8134698542999594,2
1248,1.5242164676389602,1.936856776937683,0
1249,1.183548294808089,0.6489042772868687,0
1250,0.8454283410550947,0.8443497239361919,0
1251,-5.927139472820555,0.41383075255519297,2
1252,2.5464661726478113,0.5619568489303005,0
1253,-7.972645785428618,-6.74051632970758,1
1254,-5.009101093958691,-0.05608711256709009,2
1255,-8.71323921360473,-5.796294782233473,1
1256,2.173237264235966,-0.22122476882528697,0
1257,-7.357077112050666,-4.414195175787988,1
1258,-10.31190400166771,-5.161900801536533,1
1259,-4.3695835410476285,-0.7559800295253781,2
1260,1.0122765583319542,0.0559706552044113,0
1261,-5.899878656736644,-0.005296649635172318,2
1262,-9.067363764621442,-4.909175170379718,1
1263,-4.449003878277769,0.5084048136285881,2
1264,-4.7270671010542005,0.6636601795455922,2
1265,1.9533077856178311,-0.25011692654279605,0
1266,-9.354612986193356,-4.835358348067277,1
1267,-9.913230301518855,-5.2340740238679935,1
1268,2.2243814547788086,-1.840657073264886,0
1269,-5.141758841150628,-0.5822568106593671,2
1270,-5.185206556201615,0.7819934795478567,2
1271,-5.701430867270432,-1.5346998046212776,2
1272,-3.5854373519556133,0.1602561510388506,2
1273,-9.140521212368933,-5.074881075908982,1
1274,-5.437058469696152,1.4742310785644799,2
1275,-8.055294029575876,-4.666673731160237,1
1276,-7.496769904546038,-4.79577829835562,1
1277,1.409100993177893,-0.274366230489288,0
1278,0.4032988140950655,0.19975720142584014,0
1279,1.9191813092399057,1.6789582563371535,0
1280,-4.78244976960153,-0.14350123268302342,2
1281,-8.021506458197926,-6.16102213720574,1
1282,-3.857705947494424,-0.1858238594565199,2
1283,-4.480375034757793,0.11257580586592743,2
1284,-9.504834898224841,-8.090490544609413,1
1285,2.99824744114158,3.065348477727029,0
1286,-4.584485788664869,0.827928441000225,2
1287,-9.29645378676194,-4.134620236460003,1
1288,-7.880348970945752,-6.93851400186863,1
1289,-10.201080413693191,-6.525425252567019,1
1290,-4.815830965336754,-1.2403624692478028,2
1291,-5.471958264889675,0.37269836790608313,2
1292,-4.880153876809894,-0.2531659693137949,2
1293,2.3794605255047063,0.047889385309533294,0
1294,-2.960168641670359,-1.157538651680714,2
1295,-4.307972613272398,0.8779004090006332,2
1296,1.3312456177493546,1.1350684034232756,0
1297,3.0674968082160383,2.5242672545618086,0
1298,-9.213800434130228,-6.332982749082316,1
1299,0.09186913077740488,-1.456181051050226,0
1300,-7.323691291379384,-4.890602793286129,1
1301,-5.104323630428801,-0.5379721568596882,2
1302,-8.21940092700339,-5.08488908622435,1
1303,2.181885795318213,0.2767315008858588,0
1304,-8.345052488310932,-4.792873040976459,1
1305,-9.0423106574178,-5.732263799873051,1
1306,-10.33911817383079,-6.604440668884864,1
1307,1.7379680527417654,0.40081317311757486,0
1308,1.4872286024505579,0.06418776454739816,0
1309,-3.8187126567064698,-0.28438700050180044,2
1310,0.8890751840932793,0.723285229728154,0
1311,-9.551956135955667,-5.411725191459648,1
1312,-9.140738720198286,-6.542375119592004,1
1313,1.1789895377706054,-0.7614378260702752,0
1314,-10.198535240480414,-6.065784276793444,1
1315,1.7831905588925718,1.1089089936347893,0
1316,-4.6459688514081385,2.3125662342415354,2
1317,2.2912227122358377,-1.3820690455773055,0
1318,2.3637764123479457,1.3040705753453712,0
1319,-3.890969845176924,0.40867973673295255,2
1320,-5.599760479640109,-0.5677525173427138,2
1321,2.175169364718289,1.48386741826888,0
1322,-8.757387089360183,-5.356607165941065,1
1323,-5.460721638774297,0.7796420333649293,2
1324,-9.127823491672514,-4.748580759862645,1
1325,-9.820510293057668,-3.585189894509818,1
1326,-2.5354706758336216,1.1646684420936193,2
1327,-4.197697177551754,-0.965204621288142,2
1328,-7.759078995358191,-5.679485594187776,1
1329,-3.566035439621695,-0.7185363862554146,2
1330,-5.085354201920092,-0.18123113240324606,2
1331,-4.739257433503341,-0.3451832390800177,2
1332,-9.544538315668351,-6.249366720276562,1
1333,-7.614981727355434,-6.588148000278866,1
1334,-3.86519786721288,0.6118748780376863,2
1335,2.5942956023130876,1.7055721103799777,0
1336,-4.121336871608266,0.9099245284637403,2
1337,-4.685787625646798,-0.6444305930204516,2
1338,-3.7987824276670135,-0.11484738612549966,2
1339,-4.884914114831079,0.29256645779234003,2
1340,-4.761341770360722,-0.9291386303310134,2
1341,-8.859245793257752,-6.064276281155361,1
1342,-5.6282600330983374,-0.08083837117694867,2
1343,-9.808290079878374,-3.93763375597187,1
1344,-9.32361504933867,-5.395308905574364,1
1345,2.370599942492311,1.4377201199971914,0
1346,1.8241364169975525,1.4059651168164464,0
1347,-2.791303329891229,-0.10708707700828482,2
1348,-8.728242566291888,-4.628572735118359,1
1349,-5.6866806213079,1.0234092589361685,2
1350,-10.794920445706785,-5.300676911033646,1
1351,-8.001410399388948,-5.679473563168303,1
1352,2.78431700999206,-0.8860014908051945,0
1353,-8.978521561450426,-5.879767219522735,1
1354,-7.693918803375313,-6.6961895076418045,1
1355,0.5986982199968955,-1.01882059970216,0
1356,1.8426597207297066,0.41787013909605375,0
1357,-10.214803693737844,-6.611396107611878,1
1358,1.8186958056239466,0.519582825735793,0
1359,-5.171381818733409,0.37523350758513085,2
1360,0.9349873135626816,-0.4685169077879362,0
1361,-9.575012602843794,-6.434044517891015,1
1362,-9.571059163781895,-7.774756625737102,1
1363,-3.3660448366629687,-0.43552342973093405,2
1364,3.8699579238684096,1.0698598407620827,0
1365,2.0050997545295512,-0.09537393252004489,0
1366,-3.398609309258496,0.9614810586036064,2
1367,1.3346600555173707,0.4086826008409567,0
1368,2.42834685599144,-0.5885186902547577,0
1369,-7.631815133341804,-5.157675135614439,1
1370,2.016670105651639,0.5267364569860533,0
1371,-4.507867049169586,0.2747326957848754,2
1372,3.9810797812698078,-0.8735051533412925,0
1373,-8.621391943065268,-3.44924907754299,1
1374,1.9556266084247047,0.8895931965982918,0
1375,1.8835486724182944,0.07167476367415454,0
1376,2.450450233133523,0.9338874892250557,0
1377,-8.417725796163744,-6.229585526125462,1
1378,-7.556833620538484,-5.323416384848579,1
1379,-9.186919761516775,-6.16623621107569,1
1380,-8.59164045452141,-7.659349373516713,1
1381,-3.434242715411886,-0.906596088459834,2
1382,-8.716544196673397,-6.232189791373223,1
1383,-2.953980043498295,0.5399277999633555,2
1384,-6.071300773962317,0.39149501596719105,2
1385,-7.368727063948766,-4.871292652965542,1
1386,-8.33453195210993,-6.197112062659316,1
1387,2.099894733029918,0.5848147268082823,0
1388,0.5515085886406985,0.6580577688538902,0
1389,5.676767030624564,-1.8390846365222968,0
1390,-4.517153761214939,-0.4039882256947826,2
1391,-5.279698958847924,0.24318309840736307,2
1392,-3.4108747345118964,-0.7682474720248106,2
1393,-9.958592399389568,-6.008756301443765,1
1394,1.3805549180550476,-0.14726861561693105,0
1395,2.7477993565738474,-0.0798507950279097,0
1396,2.8745517474534035,0.2210751412988744,0
1397,-4.50357516584529,-0.6745302512262373,2
1398,1.3990884179680068,-0.4959326119798908,0
1399,-3.460328247658949,-0.5614376154257811,2
1400,-8.4518103255008,-5.064127181046795,1
1401,-3.5227779739157112,-0.645836033341967,2
1402,1.0717339229562812,0.07485888744504426,0
1403,-9.671431658502366,-5.642545667069802,1
1404,2.004830824097129,0.7310828467250133,0
1405,3.7555143693423836,0.4211858088818405,0
1406,-8.199973510715521,-5.887542543180799,1
1407,2.295181851438362,0.42298042265972213,0
1408,-10.413185716797935,-4.820458312228647,1
1409,-3.874570388584608,-0.6463624116892939,2
1410,-5.09853559805347,0.04629528048160639,2
1411,-3.1257490078696,-0.6397256038130048,2
1412,3.532015231443493,0.2321568518946095,0
1413,4.964621156627894,-0.2898954617974604,0
1414,1.546719242492234,0.569117639052292,0
1415,-8.562029820761158,-4.959069159894121,1
1416,2.95978315904353,-0.34912504400624866,0
1417,1.4466367201101422,1.822132224933248,0
1418,2.378611436149401,2.469007189887485,0
1419,-4.57032376829287,0.0733386901294465,2
1420,-7.6667421056427845,-5.30009759032315,1
1421,-9.76362314877726,-3.906115022757656,1
1422,-9.473501563788638,-5.121444528891234,1
1423,1.876371680318568,0.4836851223008025,0
1424,-3.9976240433368018,-0.13327018640800808,2
1425,0.6735805099733825,0.8390783653507129,0
1426,-9.2573608039274,-5.72654504777491,1
1427,-2.9698630302453823,0.7031436857486713,2
1428,-3.9800746881006877,-0.7076930487937049,2
1429,3.0807300321041042,1.0742803077200231,0
1430,3.1321496517611966,1.532018376665593,0
1431,-6.4261449029414255,-4.137881889929545,1
1432,3.912817371071209,1.070286045323435,0
1433,-9.880275090503648,-6.253621505024418,1
1434,-8.665415498271631,-5.811252951389692,1
1435,1.0650223458570167,0.7383002863434931,0
1436,1.7714364239691645,-0.3181146356159441,0
1437,0.10116516669732722,1.6122145543171327,0
1438,-3.728118104022057,1.1938793502578475,2
1439,1.7974709549761143,-0.13965163979724826,0
1440,-4.8040996029831975,1.702323667208138,2
1441,-6.525636797789169,-0.7738770621615214,2
1442,-3.790560105202054,0.9493562693284766,2
1443,-8.386443489212274,-4.327126501407266,1
1444,2.148967975468588,0.005668827576412738,0
1445,1.5096975142821125,0.22211916776324597,0
1446,-8.767733411016618,-4.844528317784693,1
1447,-7.318400254027321,-7.030334746236488,1
1448,-3.773461732061822,0.37639413541596806,2
1449,-9.100447915346061,-6.985585374701667,1
1450,-8.724316346978705,-6.379186454113568,1
1451,-8.027044108387448,-6.416653549019713,1
1452,-0.28344874765876815,-0.26916684675353353,0
1453,-8.99933496611767,-5.154267793142711,1
1454,-7.5435183720950425,-7.268347584191338,1
1455,2.555420398017179,1.8141098183155184,0
1456,-2.4486580900893147,0.5107465561401745,2
1457,-10.499069211650799,-5.585608830789272,1
1458,-3.4075439048488105,0.6946332250246818,2
1459,-9.344817855778976,-7.181969170602655,1
1460,-5.132062857280377,-0.8116092671902997,2
1461,-5.679902601188704,1.217798437776163,2
1462,-7.990366325280352,-5.347131046114068,1
1463,-4.075861007708525,-0.26174849813526646,2
1464,-4.360055124641327,0.5618072800446543,2
1465,-3.995169232275312,-0.3735672320973632,2
1466,-7.6950368139466505,-4.009005118515795,1
1467,-6.430739057991818,0.31058253030481375,2
1468,-7.022551383887453,0.20253361718831564,2
1469,-10.708692243552711,-4.426016015310635,1
1470,-3.1861735315129884,-0.4445525904203901,2
1471,1.2973753429320127,1.1026736074618442,0
1472,-4.394764138785462,0.4905250693360575,2
1473,3.879526430345004,1.7978158954475134,0
1474,-7.4458062505688565,-4.927943711318327,1
1475,0.8107190221275511,-0.445808086720319,0
1476,1.2537623958835336,0.38137367920709403,0
1477,1.6745173020466249,1.555141074304453,0
1478,-8.160561055177547,-4.75634546735464,1
1479,-4.6417242895402,-0.20484386128681037,2
1480,1.1418034572673241,-1.8727258887168392,0
1481,-10.250599288435609,-6.1106453460489325,1
1482,-9.06021228172921,-4.167501202128093,1
1483,2.137597883002544,1.3939943172374787,0
1484,-4.30216484066962,0.6207882790979302,2
1485,1.2244363477351832,-0.48687338799564384,0
1486,-0.7541468526377688,-0.33121093808269486,0
1487,2.28639849804172,-0.3916907816887759,0
1488,1.6097902151818821,1.898979228642705,0
1489,-9.609525689436698,-5.66737909406462,1
1490,-4.555858856456779,0.08252838389092257,2
1491,-5.114131950827724,1.4975265077000262,2
1492,1.7701995440492533,2.1935971081890155,0
1493,-10.08833318710566,-5.011799147923784,1
1494,2.35322810519147,-0.03448305844471644,0
1495,-8.527192166934885,-6.726876241286414,1
1496,-4.062207850070167,0.9507732868876301,2
1497,1.3610525458054152,-0.9074918626465489,0
1498,-0.3541411081424397,0.7122416302283132,0
1499,1.8857725212204601,0.001411856930829014,0
